ticker,Close,Date
zzzBTC,16444.982421875000000,11/29 00:00:00/22
zzzBTC,17168.566406250000000,11/30 00:00:00/22
zzzBTC,16967.132812500000000,12/01 00:00:00/22
zzzBTC,17088.660156250000000,12/02 00:00:00/22
zzzBTC,16908.236328125000000,12/03 00:00:00/22
zzzBTC,17130.486328125000000,12/04 00:00:00/22
zzzBTC,16974.826171875000000,12/05 00:00:00/22
zzzBTC,17089.503906250000000,12/06 00:00:00/22
zzzBTC,16848.126953125000000,12/07 00:00:00/22
zzzBTC,17233.474609375000000,12/08 00:00:00/22
zzzBTC,17133.152343750000000,12/09 00:00:00/22
zzzBTC,17128.724609375000000,12/10 00:00:00/22
zzzBTC,17104.193359375000000,12/11 00:00:00/22
zzzBTC,17206.437500000000000,12/12 00:00:00/22
zzzBTC,17781.318359375000000,12/13 00:00:00/22
zzzBTC,17815.650390625000000,12/14 00:00:00/22
zzzBTC,17364.865234375000000,12/15 00:00:00/22
zzzBTC,16647.484375000000000,12/16 00:00:00/22
zzzBTC,16795.091796875000000,12/17 00:00:00/22
zzzBTC,16757.976562500000000,12/18 00:00:00/22
zzzBTC,16439.679687500000000,12/19 00:00:00/22
zzzBTC,16906.304687500000000,12/20 00:00:00/22
zzzBTC,16817.535156250000000,12/21 00:00:00/22
zzzBTC,16830.341796875000000,12/22 00:00:00/22
zzzBTC,16796.953125000000000,12/23 00:00:00/22
zzzBTC,16847.755859375000000,12/24 00:00:00/22
zzzBTC,16841.986328125000000,12/25 00:00:00/22
zzzBTC,16919.804687500000000,12/26 00:00:00/22
zzzBTC,16717.173828125000000,12/27 00:00:00/22
zzzBTC,16552.572265625000000,12/28 00:00:00/22
zzzBTC,16639.537109375000000,12/29 00:00:00/22
zzzLTC,75.983772277832031,11/29 00:00:00/22
zzzLTC,79.297706604003906,11/30 00:00:00/22
zzzLTC,77.518005371093750,12/01 00:00:00/22
zzzLTC,77.951484680175781,12/02 00:00:00/22
zzzLTC,76.597915649414062,12/03 00:00:00/22
zzzLTC,77.214286804199219,12/04 00:00:00/22
zzzLTC,80.263534545898438,12/05 00:00:00/22
zzzLTC,79.921218872070312,12/06 00:00:00/22
zzzLTC,77.036056518554688,12/07 00:00:00/22
zzzLTC,78.389869689941406,12/08 00:00:00/22
zzzLTC,76.334564208984375,12/09 00:00:00/22
zzzLTC,76.370994567871094,12/10 00:00:00/22
zzzLTC,76.628051757812500,12/11 00:00:00/22
zzzLTC,76.221527099609375,12/12 00:00:00/22
zzzLTC,77.344482421875000,12/13 00:00:00/22
zzzLTC,75.475860595703125,12/14 00:00:00/22
zzzLTC,72.335472106933594,12/15 00:00:00/22
zzzLTC,66.326797485351562,12/16 00:00:00/22
zzzLTC,64.957885742187500,12/17 00:00:00/22
zzzLTC,64.554130554199219,12/18 00:00:00/22
zzzLTC,63.341430664062500,12/19 00:00:00/22
zzzLTC,65.746383666992188,12/20 00:00:00/22
zzzLTC,65.391403198242188,12/21 00:00:00/22
zzzLTC,66.151672363281250,12/22 00:00:00/22
zzzLTC,65.772224426269531,12/23 00:00:00/22
zzzLTC,65.774787902832031,12/24 00:00:00/22
zzzLTC,69.206268310546875,12/25 00:00:00/22
zzzLTC,70.684745788574219,12/26 00:00:00/22
zzzLTC,68.747909545898438,12/27 00:00:00/22
zzzLTC,66.339065551757812,12/28 00:00:00/22
zzzLTC,66.884773254394531,12/29 00:00:00/22
zzzBSV,42.000465393066406,11/29 00:00:00/22
zzzBSV,42.549194335937500,11/30 00:00:00/22
zzzBSV,42.062847137451172,12/01 00:00:00/22
zzzBSV,42.473342895507812,12/02 00:00:00/22
zzzBSV,41.407566070556641,12/03 00:00:00/22
zzzBSV,42.083473205566406,12/04 00:00:00/22
zzzBSV,41.484439849853523,12/05 00:00:00/22
zzzBSV,41.579513549804688,12/06 00:00:00/22
zzzBSV,40.876998901367188,12/07 00:00:00/22
zzzBSV,43.030017852783203,12/08 00:00:00/22
zzzBSV,43.309360504150391,12/09 00:00:00/22
zzzBSV,43.644302368164062,12/10 00:00:00/22
zzzBSV,44.024387359619141,12/11 00:00:00/22
zzzBSV,47.125110626220703,12/12 00:00:00/22
zzzBSV,46.351402282714851,12/13 00:00:00/22
zzzBSV,45.311618804931641,12/14 00:00:00/22
zzzBSV,47.248241424560547,12/15 00:00:00/22
zzzBSV,45.302886962890632,12/16 00:00:00/22
zzzBSV,45.973590850830078,12/17 00:00:00/22
zzzBSV,44.722045898437500,12/18 00:00:00/22
zzzBSV,45.234661102294922,12/19 00:00:00/22
zzzBSV,46.091396331787109,12/20 00:00:00/22
zzzBSV,44.852806091308594,12/21 00:00:00/22
zzzBSV,44.654197692871087,12/22 00:00:00/22
zzzBSV,44.636241912841797,12/23 00:00:00/22
zzzBSV,43.969684600830078,12/24 00:00:00/22
zzzBSV,43.194499969482422,12/25 00:00:00/22
zzzBSV,43.988246917724609,12/26 00:00:00/22
zzzBSV,42.881938934326172,12/27 00:00:00/22
zzzBSV,40.508720397949219,12/28 00:00:00/22
zzzBSV,42.146968841552734,12/29 00:00:00/22
zzzDOGE,0.101852998137474,11/29 00:00:00/22
zzzDOGE,0.106859996914864,11/30 00:00:00/22
zzzDOGE,0.101584002375603,12/01 00:00:00/22
zzzDOGE,0.102147996425629,12/02 00:00:00/22
zzzDOGE,0.099823996424675,12/03 00:00:00/22
zzzDOGE,0.104286000132561,12/04 00:00:00/22
zzzDOGE,0.101474002003670,12/05 00:00:00/22
zzzDOGE,0.100277997553348,12/06 00:00:00/22
zzzDOGE,0.095783002674580,12/07 00:00:00/22
zzzDOGE,0.098540000617504,12/08 00:00:00/22
zzzDOGE,0.096661999821663,12/09 00:00:00/22
zzzDOGE,0.096456997096539,12/10 00:00:00/22
zzzDOGE,0.092874996364117,12/11 00:00:00/22
zzzDOGE,0.090258002281189,12/12 00:00:00/22
zzzDOGE,0.090939998626709,12/13 00:00:00/22
zzzDOGE,0.088514000177383,12/14 00:00:00/22
zzzDOGE,0.084721997380257,12/15 00:00:00/22
zzzDOGE,0.075942002236843,12/16 00:00:00/22
zzzDOGE,0.079267002642155,12/17 00:00:00/22
zzzDOGE,0.078640997409821,12/18 00:00:00/22
zzzDOGE,0.071428999304771,12/19 00:00:00/22
zzzDOGE,0.074934996664524,12/20 00:00:00/22
zzzDOGE,0.073679000139236,12/21 00:00:00/22
zzzDOGE,0.076967000961304,12/22 00:00:00/22
zzzDOGE,0.077128998935223,12/23 00:00:00/22
zzzDOGE,0.077647998929024,12/24 00:00:00/22
zzzDOGE,0.075952000916004,12/25 00:00:00/22
zzzDOGE,0.075782999396324,12/26 00:00:00/22
zzzDOGE,0.073724001646042,12/27 00:00:00/22
zzzDOGE,0.070381000638008,12/28 00:00:00/22
zzzDOGE,0.071192026138306,12/29 00:00:00/22
zzzETC,19.521518707275391,11/29 00:00:00/22
zzzETC,20.291522979736328,11/30 00:00:00/22
zzzETC,19.730707168579102,12/01 00:00:00/22
zzzETC,19.858551025390625,12/02 00:00:00/22
zzzETC,19.232702255249023,12/03 00:00:00/22
zzzETC,19.512384414672852,12/04 00:00:00/22
zzzETC,19.441295623779297,12/05 00:00:00/22
zzzETC,19.552806854248047,12/06 00:00:00/22
zzzETC,18.707273483276367,12/07 00:00:00/22
zzzETC,19.172128677368164,12/08 00:00:00/22
zzzETC,19.145381927490234,12/09 00:00:00/22
zzzETC,19.136304855346680,12/10 00:00:00/22
zzzETC,18.914009094238281,12/11 00:00:00/22
zzzETC,18.544683456420898,12/12 00:00:00/22
zzzETC,19.252872467041016,12/13 00:00:00/22
zzzETC,18.787687301635746,12/14 00:00:00/22
zzzETC,18.142051696777344,12/15 00:00:00/22
zzzETC,15.927059173583984,12/16 00:00:00/22
zzzETC,16.192483901977539,12/17 00:00:00/22
zzzETC,15.967288970947266,12/18 00:00:00/22
zzzETC,15.162721633911133,12/19 00:00:00/22
zzzETC,15.949490547180176,12/20 00:00:00/22
zzzETC,16.621147155761719,12/21 00:00:00/22
zzzETC,16.489723205566406,12/22 00:00:00/22
zzzETC,16.393714904785156,12/23 00:00:00/22
zzzETC,16.458059310913086,12/24 00:00:00/22
zzzETC,16.188863754272461,12/25 00:00:00/22
zzzETC,16.257604598999023,12/26 00:00:00/22
zzzETC,15.845548629760742,12/27 00:00:00/22
zzzETC,15.115042686462402,12/28 00:00:00/22
zzzETC,15.830416679382324,12/29 00:00:00/22
zzzETH,1216.901245117187500,11/29 00:00:00/22
zzzETH,1295.688598632812500,11/30 00:00:00/22
zzzETH,1276.273925781250000,12/01 00:00:00/22
zzzETH,1294.303344726562500,12/02 00:00:00/22
zzzETH,1243.334838867187500,12/03 00:00:00/22
zzzETH,1280.256591796875000,12/04 00:00:00/22
zzzETH,1259.676757812500000,12/05 00:00:00/22
zzzETH,1271.653808593750000,12/06 00:00:00/22
zzzETH,1232.437500000000000,12/07 00:00:00/22
zzzETH,1281.116333007812500,12/08 00:00:00/22
zzzETH,1264.284790039062500,12/09 00:00:00/22
zzzETH,1266.384155273437500,12/10 00:00:00/22
zzzETH,1263.868530273437500,12/11 00:00:00/22
zzzETH,1274.619018554687500,12/12 00:00:00/22
zzzETH,1320.549194335937500,12/13 00:00:00/22
zzzETH,1309.328735351562500,12/14 00:00:00/22
zzzETH,1266.353881835937500,12/15 00:00:00/22
zzzETH,1168.259399414062500,12/16 00:00:00/22
zzzETH,1188.149536132812500,12/17 00:00:00/22
zzzETH,1184.715209960937500,12/18 00:00:00/22
zzzETH,1167.609863281250000,12/19 00:00:00/22
zzzETH,1217.703613281250000,12/20 00:00:00/22
zzzETH,1213.599975585937500,12/21 00:00:00/22
zzzETH,1218.182128906250000,12/22 00:00:00/22
zzzETH,1220.159423828125000,12/23 00:00:00/22
zzzETH,1221.148559570312500,12/24 00:00:00/22
zzzETH,1218.962036132812500,12/25 00:00:00/22
zzzETH,1226.974365234375000,12/26 00:00:00/22
zzzETH,1212.791625976562500,12/27 00:00:00/22
zzzETH,1189.986083984375000,12/28 00:00:00/22
zzzETH,1201.529785156250000,12/29 00:00:00/22
zzzXTZ,0.977873980998993,11/29 00:00:00/22
zzzXTZ,1.019615054130554,11/30 00:00:00/22
zzzXTZ,1.001844048500061,12/01 00:00:00/22
zzzXTZ,1.028709053993225,12/02 00:00:00/22
zzzXTZ,0.996159017086029,12/03 00:00:00/22
zzzXTZ,1.006145954132080,12/04 00:00:00/22
zzzXTZ,1.005118966102600,12/05 00:00:00/22
zzzXTZ,1.013558030128479,12/06 00:00:00/22
zzzXTZ,0.984641015529633,12/07 00:00:00/22
zzzXTZ,1.001507043838501,12/08 00:00:00/22
zzzXTZ,0.984309971332550,12/09 00:00:00/22
zzzXTZ,0.997565984725952,12/10 00:00:00/22
zzzXTZ,0.989489018917084,12/11 00:00:00/22
zzzXTZ,0.960222005844116,12/12 00:00:00/22
zzzXTZ,0.969865024089813,12/13 00:00:00/22
zzzXTZ,0.951451003551483,12/14 00:00:00/22
zzzXTZ,0.955419003963470,12/15 00:00:00/22
zzzXTZ,0.838298976421356,12/16 00:00:00/22
zzzXTZ,0.844272971153259,12/17 00:00:00/22
zzzXTZ,0.837665021419525,12/18 00:00:00/22
zzzXTZ,0.777251005172729,12/19 00:00:00/22
zzzXTZ,0.806815981864929,12/20 00:00:00/22
zzzXTZ,0.805912017822266,12/21 00:00:00/22
zzzXTZ,0.804668009281158,12/22 00:00:00/22
zzzXTZ,0.802726984024048,12/23 00:00:00/22
zzzXTZ,0.800490975379944,12/24 00:00:00/22
zzzXTZ,0.785989999771118,12/25 00:00:00/22
zzzXTZ,0.795760989189148,12/26 00:00:00/22
zzzXTZ,0.772195994853973,12/27 00:00:00/22
zzzXTZ,0.737330019474030,12/28 00:00:00/22
zzzXTZ,0.740539431571960,12/29 00:00:00/22
zzzXLM,0.088641002774239,11/29 00:00:00/22
zzzXLM,0.089795999228954,11/30 00:00:00/22
zzzXLM,0.087530001997948,12/01 00:00:00/22
zzzXLM,0.088106997311115,12/02 00:00:00/22
zzzXLM,0.086424000561237,12/03 00:00:00/22
zzzXLM,0.087847001850605,12/04 00:00:00/22
zzzXLM,0.086874999105930,12/05 00:00:00/22
zzzXLM,0.086107000708580,12/06 00:00:00/22
zzzXLM,0.084283001720905,12/07 00:00:00/22
zzzXLM,0.085573002696037,12/08 00:00:00/22
zzzXLM,0.085156001150608,12/09 00:00:00/22
zzzXLM,0.085225999355316,12/10 00:00:00/22
zzzXLM,0.083917997777462,12/11 00:00:00/22
zzzXLM,0.084279000759125,12/12 00:00:00/22
zzzXLM,0.083994001150131,12/13 00:00:00/22
zzzXLM,0.083013996481895,12/14 00:00:00/22
zzzXLM,0.081845998764038,12/15 00:00:00/22
zzzXLM,0.074564002454281,12/16 00:00:00/22
zzzXLM,0.075778000056744,12/17 00:00:00/22
zzzXLM,0.076596997678280,12/18 00:00:00/22
zzzXLM,0.073386996984482,12/19 00:00:00/22
zzzXLM,0.075997002422810,12/20 00:00:00/22
zzzXLM,0.075092002749443,12/21 00:00:00/22
zzzXLM,0.075721003115177,12/22 00:00:00/22
zzzXLM,0.075367003679275,12/23 00:00:00/22
zzzXLM,0.074389003217220,12/24 00:00:00/22
zzzXLM,0.073856003582478,12/25 00:00:00/22
zzzXLM,0.075191996991634,12/26 00:00:00/22
zzzXLM,0.074137002229690,12/27 00:00:00/22
zzzXLM,0.071778997778893,12/28 00:00:00/22
zzzXLM,0.072182066738605,12/29 00:00:00/22
zzzANKR,0.021888999268412,11/29 00:00:00/22
zzzANKR,0.022861000150442,11/30 00:00:00/22
zzzANKR,0.022311000153422,12/01 00:00:00/22
zzzANKR,0.022068999707699,12/02 00:00:00/22
zzzANKR,0.021516999229789,12/03 00:00:00/22
zzzANKR,0.021781999617815,12/04 00:00:00/22
zzzANKR,0.021508999168873,12/05 00:00:00/22
zzzANKR,0.021681999787688,12/06 00:00:00/22
zzzANKR,0.020775999873876,12/07 00:00:00/22
zzzANKR,0.021083999425173,12/08 00:00:00/22
zzzANKR,0.020987000316381,12/09 00:00:00/22
zzzANKR,0.021500000730157,12/10 00:00:00/22
zzzANKR,0.021073000505566,12/11 00:00:00/22
zzzANKR,0.020695999264717,12/12 00:00:00/22
zzzANKR,0.021033000200987,12/13 00:00:00/22
zzzANKR,0.020888000726700,12/14 00:00:00/22
zzzANKR,0.020424000918865,12/15 00:00:00/22
zzzANKR,0.018409000709653,12/16 00:00:00/22
zzzANKR,0.018373999744654,12/17 00:00:00/22
zzzANKR,0.018193999305367,12/18 00:00:00/22
zzzANKR,0.016871999949217,12/19 00:00:00/22
zzzANKR,0.017921999096870,12/20 00:00:00/22
zzzANKR,0.017510000616312,12/21 00:00:00/22
zzzANKR,0.017531000077724,12/22 00:00:00/22
zzzANKR,0.017635000869632,12/23 00:00:00/22
zzzANKR,0.017571000382304,12/24 00:00:00/22
zzzANKR,0.017225999385118,12/25 00:00:00/22
zzzANKR,0.017004000023007,12/26 00:00:00/22
zzzANKR,0.016509000211954,12/27 00:00:00/22
zzzANKR,0.015279999934137,12/28 00:00:00/22
zzzANKR,0.015100114047527,12/29 00:00:00/22
zzzADA,0.309372007846832,11/29 00:00:00/22
zzzADA,0.318883001804352,11/30 00:00:00/22
zzzADA,0.314484000205994,12/01 00:00:00/22
zzzADA,0.319406986236572,12/02 00:00:00/22
zzzADA,0.319653987884521,12/03 00:00:00/22
zzzADA,0.322750002145767,12/04 00:00:00/22
zzzADA,0.319516986608505,12/05 00:00:00/22
zzzADA,0.318464010953903,12/06 00:00:00/22
zzzADA,0.310319989919662,12/07 00:00:00/22
zzzADA,0.314842998981476,12/08 00:00:00/22
zzzADA,0.311677008867264,12/09 00:00:00/22
zzzADA,0.312606006860733,12/10 00:00:00/22
zzzADA,0.307711005210876,12/11 00:00:00/22
zzzADA,0.306948989629745,12/12 00:00:00/22
zzzADA,0.312864989042282,12/13 00:00:00/22
zzzADA,0.308133989572525,12/14 00:00:00/22
zzzADA,0.300200998783112,12/15 00:00:00/22
zzzADA,0.264070004224777,12/16 00:00:00/22
zzzADA,0.266900002956390,12/17 00:00:00/22
zzzADA,0.266335010528564,12/18 00:00:00/22
zzzADA,0.252943992614746,12/19 00:00:00/22
zzzADA,0.259007006883621,12/20 00:00:00/22
zzzADA,0.253154009580612,12/21 00:00:00/22
zzzADA,0.256523013114929,12/22 00:00:00/22
zzzADA,0.259429007768631,12/23 00:00:00/22
zzzADA,0.259368002414703,12/24 00:00:00/22
zzzADA,0.259270012378693,12/25 00:00:00/22
zzzADA,0.265296995639801,12/26 00:00:00/22
zzzADA,0.260369986295700,12/27 00:00:00/22
zzzADA,0.248377993702888,12/28 00:00:00/22
zzzADA,0.246079787611961,12/29 00:00:00/22
zzzATOM,10.189475059509276,11/29 00:00:00/22
zzzATOM,10.499136924743652,11/30 00:00:00/22
zzzATOM,10.256523132324221,12/01 00:00:00/22
zzzATOM,10.358304977416992,12/02 00:00:00/22
zzzATOM,10.040152549743652,12/03 00:00:00/22
zzzATOM,10.266463279724119,12/04 00:00:00/22
zzzATOM,10.261436462402344,12/05 00:00:00/22
zzzATOM,10.170246124267578,12/06 00:00:00/22
zzzATOM,9.606064796447754,12/07 00:00:00/22
zzzATOM,9.822476387023926,12/08 00:00:00/22
zzzATOM,9.750948905944824,12/09 00:00:00/22
zzzATOM,9.941336631774902,12/10 00:00:00/22
zzzATOM,9.542969703674316,12/11 00:00:00/22
zzzATOM,9.615249633789062,12/12 00:00:00/22
zzzATOM,9.736172676086426,12/13 00:00:00/22
zzzATOM,9.609139442443848,12/14 00:00:00/22
zzzATOM,9.426628112792969,12/15 00:00:00/22
zzzATOM,8.588583946228027,12/16 00:00:00/22
zzzATOM,8.797897338867188,12/17 00:00:00/22
zzzATOM,8.864653587341309,12/18 00:00:00/22
zzzATOM,8.642580032348633,12/19 00:00:00/22
zzzATOM,8.961080551147461,12/20 00:00:00/22
zzzATOM,8.846571922302246,12/21 00:00:00/22
zzzATOM,8.988634109497070,12/22 00:00:00/22
zzzATOM,8.911080360412598,12/23 00:00:00/22
zzzATOM,8.971211433410645,12/24 00:00:00/22
zzzATOM,9.020415306091309,12/25 00:00:00/22
zzzATOM,9.181097030639648,12/26 00:00:00/22
zzzATOM,9.214447975158691,12/27 00:00:00/22
zzzATOM,9.121023178100586,12/28 00:00:00/22
zzzATOM,9.292377471923828,12/29 00:00:00/22
zzzDOT,5.308930873870850,11/29 00:00:00/22
zzzDOT,5.472571849822998,11/30 00:00:00/22
zzzDOT,5.402163982391357,12/01 00:00:00/22
zzzDOT,5.629522800445557,12/02 00:00:00/22
zzzDOT,5.501038074493408,12/03 00:00:00/22
zzzDOT,5.595656871795654,12/04 00:00:00/22
zzzDOT,5.488790035247803,12/05 00:00:00/22
zzzDOT,5.503151893615723,12/06 00:00:00/22
zzzDOT,5.299137115478516,12/07 00:00:00/22
zzzDOT,5.430400848388672,12/08 00:00:00/22
zzzDOT,5.294414043426514,12/09 00:00:00/22
zzzDOT,5.273628234863281,12/10 00:00:00/22
zzzDOT,5.167613983154297,12/11 00:00:00/22
zzzDOT,5.169508934020996,12/12 00:00:00/22
zzzDOT,5.276955127716064,12/13 00:00:00/22
zzzDOT,5.215209960937500,12/14 00:00:00/22
zzzDOT,5.226642131805420,12/15 00:00:00/22
zzzDOT,4.655857086181641,12/16 00:00:00/22
zzzDOT,4.710334777832031,12/17 00:00:00/22
zzzDOT,4.663687229156494,12/18 00:00:00/22
zzzDOT,4.476758956909180,12/19 00:00:00/22
zzzDOT,4.611708164215088,12/20 00:00:00/22
zzzDOT,4.480146884918213,12/21 00:00:00/22
zzzDOT,4.527610778808594,12/22 00:00:00/22
zzzDOT,4.472083091735840,12/23 00:00:00/22
zzzDOT,4.453764915466309,12/24 00:00:00/22
zzzDOT,4.493043899536133,12/25 00:00:00/22
zzzDOT,4.572048187255859,12/26 00:00:00/22
zzzDOT,4.480312824249268,12/27 00:00:00/22
zzzDOT,4.282458782196045,12/28 00:00:00/22
zzzDOT,4.340191364288330,12/29 00:00:00/22
zzzALGO,0.240555003285408,11/29 00:00:00/22
zzzALGO,0.248300001025200,11/30 00:00:00/22
zzzALGO,0.240749001502991,12/01 00:00:00/22
zzzALGO,0.244507998228073,12/02 00:00:00/22
zzzALGO,0.237915992736816,12/03 00:00:00/22
zzzALGO,0.240112006664276,12/04 00:00:00/22
zzzALGO,0.236687004566193,12/05 00:00:00/22
zzzALGO,0.234093993902206,12/06 00:00:00/22
zzzALGO,0.221570000052452,12/07 00:00:00/22
zzzALGO,0.224718004465103,12/08 00:00:00/22
zzzALGO,0.225716993212700,12/09 00:00:00/22
zzzALGO,0.227486997842789,12/10 00:00:00/22
zzzALGO,0.223086997866630,12/11 00:00:00/22
zzzALGO,0.218654006719589,12/12 00:00:00/22
zzzALGO,0.223528996109962,12/13 00:00:00/22
zzzALGO,0.220916002988815,12/14 00:00:00/22
zzzALGO,0.210501998662949,12/15 00:00:00/22
zzzALGO,0.185553997755051,12/16 00:00:00/22
zzzALGO,0.194595992565155,12/17 00:00:00/22
zzzALGO,0.188841000199318,12/18 00:00:00/22
zzzALGO,0.174174994230270,12/19 00:00:00/22
zzzALGO,0.178975000977516,12/20 00:00:00/22
zzzALGO,0.171881005167961,12/21 00:00:00/22
zzzALGO,0.171766996383667,12/22 00:00:00/22
zzzALGO,0.170121997594833,12/23 00:00:00/22
zzzALGO,0.168378993868828,12/24 00:00:00/22
zzzALGO,0.165871992707253,12/25 00:00:00/22
zzzALGO,0.171503007411957,12/26 00:00:00/22
zzzALGO,0.169974997639656,12/27 00:00:00/22
zzzALGO,0.167241007089615,12/28 00:00:00/22
zzzALGO,0.165526062250137,12/29 00:00:00/22
zzzSOL,13.369733810424805,11/29 00:00:00/22
zzzSOL,14.115445137023926,11/30 00:00:00/22
zzzSOL,13.480968475341797,12/01 00:00:00/22
zzzSOL,13.715640068054199,12/02 00:00:00/22
zzzSOL,13.302457809448242,12/03 00:00:00/22
zzzSOL,13.718218803405762,12/04 00:00:00/22
zzzSOL,13.831112861633301,12/05 00:00:00/22
zzzSOL,14.288854598999023,12/06 00:00:00/22
zzzSOL,13.519653320312500,12/07 00:00:00/22
zzzSOL,13.689222335815430,12/08 00:00:00/22
zzzSOL,13.580187797546388,12/09 00:00:00/22
zzzSOL,13.576995849609377,12/10 00:00:00/22
zzzSOL,13.427809715270996,12/11 00:00:00/22
zzzSOL,13.318544387817385,12/12 00:00:00/22
zzzSOL,13.833986282348633,12/13 00:00:00/22
zzzSOL,14.140525817871094,12/14 00:00:00/22
zzzSOL,14.021511077880859,12/15 00:00:00/22
zzzSOL,12.266606330871582,12/16 00:00:00/22
zzzSOL,12.504404067993164,12/17 00:00:00/22
zzzSOL,12.413120269775391,12/18 00:00:00/22
zzzSOL,11.932655334472656,12/19 00:00:00/22
zzzSOL,12.280514717102051,12/20 00:00:00/22
zzzSOL,12.128985404968262,12/21 00:00:00/22
zzzSOL,11.794829368591309,12/22 00:00:00/22
zzzSOL,11.786166191101074,12/23 00:00:00/22
zzzSOL,11.444275856018066,12/24 00:00:00/22
zzzSOL,11.387903213500977,12/25 00:00:00/22
zzzSOL,11.306611061096191,12/26 00:00:00/22
zzzSOL,11.085430145263672,12/27 00:00:00/22
zzzSOL,9.755906105041504,12/28 00:00:00/22
zzzSOL,9.407433509826660,12/29 00:00:00/22
zzzSHIB,0.000009000000318,11/29 00:00:00/22
zzzSHIB,0.000009000000318,11/30 00:00:00/22
zzzSHIB,0.000009000000318,12/01 00:00:00/22
zzzSHIB,0.000009000000318,12/02 00:00:00/22
zzzSHIB,0.000009000000318,12/03 00:00:00/22
zzzSHIB,0.000009000000318,12/04 00:00:00/22
zzzSHIB,0.000009000000318,12/05 00:00:00/22
zzzSHIB,0.000009000000318,12/06 00:00:00/22
zzzSHIB,0.000009000000318,12/07 00:00:00/22
zzzSHIB,0.000009000000318,12/08 00:00:00/22
zzzSHIB,0.000009000000318,12/09 00:00:00/22
zzzSHIB,0.000009000000318,12/10 00:00:00/22
zzzSHIB,0.000009000000318,12/11 00:00:00/22
zzzSHIB,0.000009000000318,12/12 00:00:00/22
zzzSHIB,0.000009000000318,12/13 00:00:00/22
zzzSHIB,0.000009000000318,12/14 00:00:00/22
zzzSHIB,0.000009000000318,12/15 00:00:00/22
zzzSHIB,0.000007999999980,12/16 00:00:00/22
zzzSHIB,0.000007999999980,12/17 00:00:00/22
zzzSHIB,0.000009000000318,12/18 00:00:00/22
zzzSHIB,0.000007999999980,12/19 00:00:00/22
zzzSHIB,0.000007999999980,12/20 00:00:00/22
zzzSHIB,0.000007999999980,12/21 00:00:00/22
zzzSHIB,0.000007999999980,12/22 00:00:00/22
zzzSHIB,0.000007999999980,12/23 00:00:00/22
zzzSHIB,0.000007999999980,12/24 00:00:00/22
zzzSHIB,0.000007999999980,12/25 00:00:00/22
zzzSHIB,0.000007999999980,12/26 00:00:00/22
zzzSHIB,0.000007999999980,12/27 00:00:00/22
zzzSHIB,0.000007999999980,12/28 00:00:00/22
zzzSHIB,0.000008170079127,12/29 00:00:00/22
zzzXYO,0.004298000130802,11/29 00:00:00/22
zzzXYO,0.004449999891221,11/30 00:00:00/22
zzzXYO,0.004344999790192,12/01 00:00:00/22
zzzXYO,0.004315999802202,12/02 00:00:00/22
zzzXYO,0.004242000170052,12/03 00:00:00/22
zzzXYO,0.004393000155687,12/04 00:00:00/22
zzzXYO,0.004313999786973,12/05 00:00:00/22
zzzXYO,0.004261000081897,12/06 00:00:00/22
zzzXYO,0.004106999840587,12/07 00:00:00/22
zzzXYO,0.004182999953627,12/08 00:00:00/22
zzzXYO,0.004230999853462,12/09 00:00:00/22
zzzXYO,0.004226000048220,12/10 00:00:00/22
zzzXYO,0.004157999996096,12/11 00:00:00/22
zzzXYO,0.004110999871045,12/12 00:00:00/22
zzzXYO,0.004168999847025,12/13 00:00:00/22
zzzXYO,0.004131000023335,12/14 00:00:00/22
zzzXYO,0.004676000215113,12/15 00:00:00/22
zzzXYO,0.004038000013679,12/16 00:00:00/22
zzzXYO,0.003986999858171,12/17 00:00:00/22
zzzXYO,0.003961000125855,12/18 00:00:00/22
zzzXYO,0.003698999993503,12/19 00:00:00/22
zzzXYO,0.003715999890119,12/20 00:00:00/22
zzzXYO,0.003603999968618,12/21 00:00:00/22
zzzXYO,0.003587000072002,12/22 00:00:00/22
zzzXYO,0.003563999896869,12/23 00:00:00/22
zzzXYO,0.003723999951035,12/24 00:00:00/22
zzzXYO,0.003693999955431,12/25 00:00:00/22
zzzXYO,0.003665999975055,12/26 00:00:00/22
zzzXYO,0.003602999961004,12/27 00:00:00/22
zzzXYO,0.003262999933213,12/28 00:00:00/22
zzzXYO,0.003374567255378,12/29 00:00:00/22
zzzARPA,0.027645999565720,11/29 00:00:00/22
zzzARPA,0.028865000233054,11/30 00:00:00/22
zzzARPA,0.027907999232411,12/01 00:00:00/22
zzzARPA,0.028800999745726,12/02 00:00:00/22
zzzARPA,0.028086999431252,12/03 00:00:00/22
zzzARPA,0.028792999684811,12/04 00:00:00/22
zzzARPA,0.028331000357866,12/05 00:00:00/22
zzzARPA,0.028715999796987,12/06 00:00:00/22
zzzARPA,0.027481000870466,12/07 00:00:00/22
zzzARPA,0.028358999639749,12/08 00:00:00/22
zzzARPA,0.028749000281096,12/09 00:00:00/22
zzzARPA,0.029075000435114,12/10 00:00:00/22
zzzARPA,0.028783999383449,12/11 00:00:00/22
zzzARPA,0.028942000120878,12/12 00:00:00/22
zzzARPA,0.029293000698090,12/13 00:00:00/22
zzzARPA,0.029292000457644,12/14 00:00:00/22
zzzARPA,0.029330000281334,12/15 00:00:00/22
zzzARPA,0.025981999933720,12/16 00:00:00/22
zzzARPA,0.026029000058770,12/17 00:00:00/22
zzzARPA,0.026146000251174,12/18 00:00:00/22
zzzARPA,0.025000000372529,12/19 00:00:00/22
zzzARPA,0.026296000927687,12/20 00:00:00/22
zzzARPA,0.025953000411391,12/21 00:00:00/22
zzzARPA,0.026164000853896,12/22 00:00:00/22
zzzARPA,0.026215000078082,12/23 00:00:00/22
zzzARPA,0.026186000555754,12/24 00:00:00/22
zzzARPA,0.026336999610066,12/25 00:00:00/22
zzzARPA,0.026636999100447,12/26 00:00:00/22
zzzARPA,0.026287000626326,12/27 00:00:00/22
zzzARPA,0.025547999888658,12/28 00:00:00/22
zzzARPA,0.025794913992286,12/29 00:00:00/22
zzzJASMY,0.003988999873400,11/29 00:00:00/22
zzzJASMY,0.004201999865472,11/30 00:00:00/22
zzzJASMY,0.004639999940991,12/01 00:00:00/22
zzzJASMY,0.004313999786973,12/02 00:00:00/22
zzzJASMY,0.004106000065804,12/03 00:00:00/22
zzzJASMY,0.004170999862254,12/04 00:00:00/22
zzzJASMY,0.004002000205219,12/05 00:00:00/22
zzzJASMY,0.004002999980003,12/06 00:00:00/22
zzzJASMY,0.003781999927014,12/07 00:00:00/22
zzzJASMY,0.003849999979138,12/08 00:00:00/22
zzzJASMY,0.003773000091314,12/09 00:00:00/22
zzzJASMY,0.003818999975920,12/10 00:00:00/22
zzzJASMY,0.003739000065252,12/11 00:00:00/22
zzzJASMY,0.003690999932587,12/12 00:00:00/22
zzzJASMY,0.003762000007555,12/13 00:00:00/22
zzzJASMY,0.003707000054419,12/14 00:00:00/22
zzzJASMY,0.003641000017524,12/15 00:00:00/22
zzzJASMY,0.003077999921515,12/16 00:00:00/22
zzzJASMY,0.003197999903932,12/17 00:00:00/22
zzzJASMY,0.003128000069410,12/18 00:00:00/22
zzzJASMY,0.002993999980390,12/19 00:00:00/22
zzzJASMY,0.003201999934390,12/20 00:00:00/22
zzzJASMY,0.003110999939963,12/21 00:00:00/22
zzzJASMY,0.003146999981254,12/22 00:00:00/22
zzzJASMY,0.003140999935567,12/23 00:00:00/22
zzzJASMY,0.003131000092253,12/24 00:00:00/22
zzzJASMY,0.003098000073805,12/25 00:00:00/22
zzzJASMY,0.003106999909505,12/26 00:00:00/22
zzzJASMY,0.003020999953151,12/27 00:00:00/22
zzzJASMY,0.002844000002369,12/28 00:00:00/22
zzzJASMY,0.002874397207051,12/29 00:00:00/22
zzzGRT,,11/29 00:00:00/22
zzzGRT,,11/30 00:00:00/22
zzzGRT,,12/01 00:00:00/22
zzzGRT,,12/02 00:00:00/22
zzzGRT,,12/03 00:00:00/22
zzzGRT,,12/04 00:00:00/22
zzzGRT,,12/05 00:00:00/22
zzzGRT,,12/06 00:00:00/22
zzzGRT,,12/07 00:00:00/22
zzzGRT,,12/08 00:00:00/22
zzzGRT,,12/09 00:00:00/22
zzzGRT,,12/10 00:00:00/22
zzzGRT,,12/11 00:00:00/22
zzzGRT,,12/12 00:00:00/22
zzzGRT,,12/13 00:00:00/22
zzzGRT,,12/14 00:00:00/22
zzzGRT,,12/15 00:00:00/22
zzzGRT,,12/16 00:00:00/22
zzzGRT,,12/17 00:00:00/22
zzzGRT,,12/18 00:00:00/22
zzzGRT,,12/19 00:00:00/22
zzzGRT,,12/20 00:00:00/22
zzzGRT,,12/21 00:00:00/22
zzzGRT,,12/22 00:00:00/22
zzzGRT,,12/23 00:00:00/22
zzzGRT,,12/24 00:00:00/22
zzzGRT,,12/25 00:00:00/22
zzzGRT,,12/26 00:00:00/22
zzzGRT,,12/27 00:00:00/22
zzzGRT,,12/28 00:00:00/22
zzzGRT,,12/29 00:00:00/22
zzzFET,0.062231998890638,11/29 00:00:00/22
zzzFET,0.063398003578186,11/30 00:00:00/22
zzzFET,0.062213998287916,12/01 00:00:00/22
zzzFET,0.063793003559112,12/02 00:00:00/22
zzzFET,0.062710002064705,12/03 00:00:00/22
zzzFET,0.063352003693581,12/04 00:00:00/22
zzzFET,0.068435996770859,12/05 00:00:00/22
zzzFET,0.070000998675823,12/06 00:00:00/22
zzzFET,0.081014998257160,12/07 00:00:00/22
zzzFET,0.088919997215271,12/08 00:00:00/22
zzzFET,0.120667003095150,12/09 00:00:00/22
zzzFET,0.093163996934891,12/10 00:00:00/22
zzzFET,0.104198999702930,12/11 00:00:00/22
zzzFET,0.095476999878883,12/12 00:00:00/22
zzzFET,0.090782001614571,12/13 00:00:00/22
zzzFET,0.099907003343105,12/14 00:00:00/22
zzzFET,0.101424001157284,12/15 00:00:00/22
zzzFET,0.090595997869968,12/16 00:00:00/22
zzzFET,0.089484997093678,12/17 00:00:00/22
zzzFET,0.088027000427246,12/18 00:00:00/22
zzzFET,0.084569998085499,12/19 00:00:00/22
zzzFET,0.085758998990059,12/20 00:00:00/22
zzzFET,0.093440003693104,12/21 00:00:00/22
zzzFET,0.094038002192974,12/22 00:00:00/22
zzzFET,0.090341001749039,12/23 00:00:00/22
zzzFET,0.093429997563362,12/24 00:00:00/22
zzzFET,0.095066003501415,12/25 00:00:00/22
zzzFET,0.099335998296738,12/26 00:00:00/22
zzzFET,0.097985997796059,12/27 00:00:00/22
zzzFET,0.095835998654365,12/28 00:00:00/22
zzzFET,0.095912382006645,12/29 00:00:00/22
zzzCLV,0.063023999333382,11/29 00:00:00/22
zzzCLV,0.064773000776768,11/30 00:00:00/22
zzzCLV,0.064970999956131,12/01 00:00:00/22
zzzCLV,0.066000998020172,12/02 00:00:00/22
zzzCLV,0.064464002847671,12/03 00:00:00/22
zzzCLV,0.065098002552986,12/04 00:00:00/22
zzzCLV,0.064301997423172,12/05 00:00:00/22
zzzCLV,0.065465003252029,12/06 00:00:00/22
zzzCLV,0.063452996313572,12/07 00:00:00/22
zzzCLV,0.063961997628212,12/08 00:00:00/22
zzzCLV,0.064232997596264,12/09 00:00:00/22
zzzCLV,0.063854999840259,12/10 00:00:00/22
zzzCLV,0.062953002750873,12/11 00:00:00/22
zzzCLV,0.061808001250029,12/12 00:00:00/22
zzzCLV,0.061149001121521,12/13 00:00:00/22
zzzCLV,0.060694001615047,12/14 00:00:00/22
zzzCLV,0.059434000402689,12/15 00:00:00/22
zzzCLV,0.052556000649929,12/16 00:00:00/22
zzzCLV,0.055020000785589,12/17 00:00:00/22
zzzCLV,0.055197000503540,12/18 00:00:00/22
zzzCLV,0.052292998880148,12/19 00:00:00/22
zzzCLV,0.054345000535250,12/20 00:00:00/22
zzzCLV,0.053952001035213,12/21 00:00:00/22
zzzCLV,0.053913000971079,12/22 00:00:00/22
zzzCLV,0.054189000278711,12/23 00:00:00/22
zzzCLV,0.054435998201370,12/24 00:00:00/22
zzzCLV,0.053472999483347,12/25 00:00:00/22
zzzCLV,0.053863000124693,12/26 00:00:00/22
zzzCLV,0.053801998496056,12/27 00:00:00/22
zzzCLV,0.051775999367237,12/28 00:00:00/22
zzzCLV,0.051859453320503,12/29 00:00:00/22
zzzUSDT,0.999743998050690,11/29 00:00:00/22
zzzUSDT,1.000015020370483,11/30 00:00:00/22
zzzUSDT,1.000043988227844,12/01 00:00:00/22
zzzUSDT,1.000064969062805,12/02 00:00:00/22
zzzUSDT,1.000061035156250,12/03 00:00:00/22
zzzUSDT,1.000120043754578,12/04 00:00:00/22
zzzUSDT,1.000054001808167,12/05 00:00:00/22
zzzUSDT,1.000077009201050,12/06 00:00:00/22
zzzUSDT,1.000002026557922,12/07 00:00:00/22
zzzUSDT,1.000126957893372,12/08 00:00:00/22
zzzUSDT,1.000056982040405,12/09 00:00:00/22
zzzUSDT,1.000046014785767,12/10 00:00:00/22
zzzUSDT,1.000077962875366,12/11 00:00:00/22
zzzUSDT,1.000107049942017,12/12 00:00:00/22
zzzUSDT,1.000017046928406,12/13 00:00:00/22
zzzUSDT,1.000105023384094,12/14 00:00:00/22
zzzUSDT,1.000077962875366,12/15 00:00:00/22
zzzUSDT,1.000156998634338,12/16 00:00:00/22
zzzUSDT,1.000161051750183,12/17 00:00:00/22
zzzUSDT,1.000154972076416,12/18 00:00:00/22
zzzUSDT,1.000079989433289,12/19 00:00:00/22
zzzUSDT,1.000110983848572,12/20 00:00:00/22
zzzUSDT,1.000077009201050,12/21 00:00:00/22
zzzUSDT,1.000010967254639,12/22 00:00:00/22
zzzUSDT,0.999980986118317,12/23 00:00:00/22
zzzUSDT,0.999992012977600,12/24 00:00:00/22
zzzUSDT,0.999943017959595,12/25 00:00:00/22
zzzUSDT,0.999994993209839,12/26 00:00:00/22
zzzUSDT,0.999849975109100,12/27 00:00:00/22
zzzUSDT,0.999686002731323,12/28 00:00:00/22
zzzUSDT,0.999750912189484,12/29 00:00:00/22
zzzMANA,0.393119990825653,11/29 00:00:00/22
zzzMANA,0.410414993762970,11/30 00:00:00/22
zzzMANA,0.403470009565353,12/01 00:00:00/22
zzzMANA,0.420805990695953,12/02 00:00:00/22
zzzMANA,0.406800001859665,12/03 00:00:00/22
zzzMANA,0.410239011049271,12/04 00:00:00/22
zzzMANA,0.419918000698090,12/05 00:00:00/22
zzzMANA,0.415800005197525,12/06 00:00:00/22
zzzMANA,0.394385993480682,12/07 00:00:00/22
zzzMANA,0.399917006492615,12/08 00:00:00/22
zzzMANA,0.395348012447357,12/09 00:00:00/22
zzzMANA,0.401513993740082,12/10 00:00:00/22
zzzMANA,0.390105009078979,12/11 00:00:00/22
zzzMANA,0.383855998516083,12/12 00:00:00/22
zzzMANA,0.390953004360199,12/13 00:00:00/22
zzzMANA,0.381859987974167,12/14 00:00:00/22
zzzMANA,0.375429004430771,12/15 00:00:00/22
zzzMANA,0.339996993541717,12/16 00:00:00/22
zzzMANA,0.334024995565414,12/17 00:00:00/22
zzzMANA,0.326449990272522,12/18 00:00:00/22
zzzMANA,0.302778005599976,12/19 00:00:00/22
zzzMANA,0.314267992973328,12/20 00:00:00/22
zzzMANA,0.305965006351471,12/21 00:00:00/22
zzzMANA,0.311484009027481,12/22 00:00:00/22
zzzMANA,0.333505004644394,12/23 00:00:00/22
zzzMANA,0.327457010746002,12/24 00:00:00/22
zzzMANA,0.327280014753342,12/25 00:00:00/22
zzzMANA,0.329340010881424,12/26 00:00:00/22
zzzMANA,0.321680992841721,12/27 00:00:00/22
zzzMANA,0.305135011672974,12/28 00:00:00/22
zzzMANA,0.301394730806351,12/29 00:00:00/22
zzzUNI,,11/29 00:00:00/22
zzzUNI,,11/30 00:00:00/22
zzzUNI,,12/01 00:00:00/22
zzzUNI,,12/02 00:00:00/22
zzzUNI,,12/03 00:00:00/22
zzzUNI,,12/04 00:00:00/22
zzzUNI,,12/05 00:00:00/22
zzzUNI,,12/06 00:00:00/22
zzzUNI,,12/07 00:00:00/22
zzzUNI,,12/08 00:00:00/22
zzzUNI,,12/09 00:00:00/22
zzzUNI,,12/10 00:00:00/22
zzzUNI,,12/11 00:00:00/22
zzzUNI,,12/12 00:00:00/22
zzzUNI,,12/13 00:00:00/22
zzzUNI,,12/14 00:00:00/22
zzzUNI,,12/15 00:00:00/22
zzzUNI,,12/16 00:00:00/22
zzzUNI,,12/17 00:00:00/22
zzzUNI,,12/18 00:00:00/22
zzzUNI,,12/19 00:00:00/22
zzzUNI,,12/20 00:00:00/22
zzzUNI,,12/21 00:00:00/22
zzzUNI,,12/22 00:00:00/22
zzzUNI,,12/23 00:00:00/22
zzzUNI,,12/24 00:00:00/22
zzzUNI,,12/25 00:00:00/22
zzzUNI,,12/26 00:00:00/22
zzzUNI,,12/27 00:00:00/22
zzzUNI,,12/28 00:00:00/22
zzzUNI,,12/29 00:00:00/22
